<keymap version="1" name="Windows copy" parent="$default">
  <action id="ActivateTerminalToolWindow">
    <keyboard-shortcut first-keystroke="alt t" />
  </action>
  <action id="Back">
    <mouse-shortcut keystroke="alt button142" />
    <keyboard-shortcut first-keystroke="ctrl alt down" />
  </action>
  <action id="BookmarksView.Rename" />
  <action id="ChangesView.Rename">
    <keyboard-shortcut first-keystroke="shift f6" />
    <keyboard-shortcut first-keystroke="shift ctrl m" />
  </action>
  <action id="CommentByBlockComment">
    <keyboard-shortcut first-keystroke="shift ctrl slash" />
    <keyboard-shortcut first-keystroke="shift ctrl divide" />
    <keyboard-shortcut first-keystroke="shift f10" />
  </action>
  <action id="CommentByLineComment">
    <keyboard-shortcut first-keystroke="ctrl slash" />
    <keyboard-shortcut first-keystroke="ctrl divide" />
    <keyboard-shortcut first-keystroke="f10" />
  </action>
  <action id="ContextHelp" />
  <action id="CopyElement" />
  <action id="Debug">
    <keyboard-shortcut first-keystroke="shift f9" />
    <keyboard-shortcut first-keystroke="shift alt d" />
  </action>
  <action id="Debugger.EditFrameSource" />
  <action id="Diff.ApplyLeftSide" />
  <action id="Documentation.EditSource" />
  <action id="DomCollectionControl.Edit" />
  <action id="DomElementsTreeView.GotoDomElementDeclarationAction" />
  <action id="EditSource" />
  <action id="EditorMatchBrace" />
  <action id="EditorPasteFromX11" />
  <action id="EditorScrollToCenter" />
  <action id="EditorShowGutterIconTooltip" />
  <action id="ExportSettings">
    <keyboard-shortcut first-keystroke="shift ctrl alt e" />
  </action>
  <action id="ExternalSystem.OpenConfig" />
  <action id="ExternalSystem.ProjectRefreshAction" />
  <action id="FindUsages">
    <keyboard-shortcut first-keystroke="f7" />
  </action>
  <action id="ForceOthersToFollowAction" />
  <action id="Forward">
    <mouse-shortcut keystroke="alt button143" />
    <keyboard-shortcut first-keystroke="ctrl alt up" />
  </action>
  <action id="Git.Rename.Local.Branch">
    <keyboard-shortcut first-keystroke="shift f6" />
    <keyboard-shortcut first-keystroke="shift ctrl m" />
  </action>
  <action id="ManageRecentProjects">
    <keyboard-shortcut first-keystroke="shift ctrl o" />
    <keyboard-shortcut first-keystroke="f11" />
  </action>
  <action id="Maven.ExecuteGoal">
    <keyboard-shortcut first-keystroke="ctrl m" />
  </action>
  <action id="NavBar-navigate" />
  <action id="NextDiff" />
  <action id="NextOccurence" />
  <action id="OpenModuleSettings" />
  <action id="PreviousOccurence" />
  <action id="ProjectViewEditSource" />
  <action id="QuickImplementations">
    <keyboard-shortcut first-keystroke="shift ctrl i" />
    <keyboard-shortcut first-keystroke="f5" />
  </action>
  <action id="RecentFiles" />
  <action id="ReformatCode">
    <keyboard-shortcut first-keystroke="ctrl alt l" />
    <keyboard-shortcut first-keystroke="f6" />
  </action>
  <action id="RenameElement">
    <keyboard-shortcut first-keystroke="shift f6" />
    <keyboard-shortcut first-keystroke="shift ctrl m" />
  </action>
  <action id="Rerun">
    <keyboard-shortcut first-keystroke="ctrl alt r" />
  </action>
  <action id="RerunTests" />
  <action id="Resume">
    <keyboard-shortcut first-keystroke="f9" />
    <keyboard-shortcut first-keystroke="shift space" />
  </action>
  <action id="Run">
    <keyboard-shortcut first-keystroke="shift alt r" />
  </action>
  <action id="ShelvedChanges.Rename">
    <keyboard-shortcut first-keystroke="shift f6" />
    <keyboard-shortcut first-keystroke="shift ctrl m" />
  </action>
  <action id="ShowErrorDescription">
    <keyboard-shortcut first-keystroke="ctrl e" />
  </action>
  <action id="ShowSettings">
    <keyboard-shortcut first-keystroke="shift ctrl s" />
  </action>
  <action id="StepInto" />
  <action id="Stop">
    <keyboard-shortcut first-keystroke="shift alt q" />
  </action>
  <action id="SwitcherIterateItems" />
  <action id="SwitcherRecentEditedChangedToggleCheckBox" />
  <action id="TextSearchAction" />
  <action id="ToggleBookmark" />
  <action id="Vcs.EditSource" />
  <action id="Vcs.ShowMessageHistory" />
  <action id="XDebugger.JumpToSource" />
</keymap>